"lfdn";"external_lfdn";"tester";"dispcode";"lastpage";"quality";"duration";"v_45";"v_32";"v_33";"v_46";"v_47";"v_48";"v_49";"v_50";"v_51";"v_52";"v_53";"v_54";"v_55";"v_56";"v_57";"v_58";"v_1";"v_39";"v_40";"v_59";"v_60";"v_61";"v_62";"v_42";"v_63";"v_64";"v_65";"v_66";"v_67";"v_68";"v_69";"v_70";"v_71";"v_72";"v_73";"v_74";"v_75";"v_76";"v_77";"browser";"referer";"device_type";"participant_browser";"participant_browser_version";"participant_os";"participant_device";"participant_brand";"participant_model";"participant_isbot";"participant_continent";"participant_country";"participant_region";"participant_city";"participant_latitude";"participant_longitude";"quota";"quota_assignment";"quota_rejected_id";"page_history";"hflip";"vflip";"output_mode";"javascript";"flash";"session_id";"language";"cleaned";"ats";"datetime";"date_of_last_access";"date_of_first_mail"
"32";"0";"0";"31";"7226503";"0.79";"515";"100";"4";"4";"2";"3";"4";"4";"2";"4";"2";"3";"2";"3";"3";"3";"3";"1";"3";"1";"2";"3";"1";"2";"-77";"-77";"-77";"-77";"-77";"2";"2";"3";"2";"1";"3";"2";"3";"Was not able to concentrate well";"Not at all";"Maybe with proper guidance will be able to perform well";"Mozilla/5.0 (Linux; Android 10; K) AppleWebKit/537.36 (KHTML, like Gecko) Chrome/141.0.0.0 Mobile Safari/537.36";"-99";"0";"0";"-99";"0";"0";"0";"0";"0";"0";"0";"-99";"-99";"-66";"-66";"0";"-66";"0";"7227869,7226972,7227905,7227902,7244682,7226503";"0";"1";"0";"-77";"-77";"593c2a7e28dc3a9bbbdbfd234da098ad";"1";"2";"1761136747";"2025-10-22 12:39:07";"2025-10-22 12:47:42";"0000-00-00 00:00:00"
"33";"0";"0";"31";"7226503";"0.72";"407";"107";"4";"4";"3";"4";"3";"3";"2";"4";"3";"4";"3";"4";"2";"2";"3";"1";"4";"3";"4";"3";"3";"3";"-77";"-77";"-77";"-77";"-77";"4";"2";"3";"2";"3";"2";"1";"4";"Yes, at one point where I got distracted by voices as I was following conventional method.";"-99";"I would like to go for a VR experience next time. ";"Mozilla/5.0 (iPhone; CPU iPhone OS 18_1_1 like Mac OS X) AppleWebKit/605.1.15 (KHTML, like Gecko) CriOS/141.0.7390.96 Mobile/15E148 Safari/604.1";"-99";"0";"0";"-99";"0";"0";"0";"0";"0";"0";"0";"-99";"-99";"-66";"-66";"0";"-66";"0";"7227869,7226972,7227905,7227902,7244682,7226503";"1";"0";"0";"-77";"-77";"e93f631d1fa0915de40712dfce4a1945";"1";"2";"1761139227";"2025-10-22 13:20:27";"2025-10-22 13:27:14";"0000-00-00 00:00:00"
"34";"0";"0";"31";"7226503";"0.36";"241";"117";"2";"2";"4";"3";"2";"3";"4";"2";"3";"2";"5";"1";"4";"2";"5";"1";"4";"3";"4";"3";"2";"4";"-77";"-77";"-77";"-77";"-77";"4";"2";"3";"2";"3";"3";"1";"3";"Not at all.. I was focused on my breathing.";"Completely ";"Yes.. to keep my mind clear";"Mozilla/5.0 (Linux; Android 10; K) AppleWebKit/537.36 (KHTML, like Gecko) Chrome/141.0.0.0 Mobile Safari/537.36";"-99";"0";"0";"-99";"0";"0";"0";"0";"0";"0";"0";"-99";"-99";"-66";"-66";"0";"-66";"0";"7227869,7226972,7227905,7227902,7244682,7226503";"1";"0";"0";"-77";"-77";"c65857f9726a911d1eb18690b94eeef7";"1";"2";"1761139300";"2025-10-22 13:21:40";"2025-10-22 13:25:41";"0000-00-00 00:00:00"
"35";"0";"0";"31";"7226503";"0.57";"828";"110";"3";"3";"4";"3";"2";"3";"4";"2";"4";"2";"4";"3";"4";"2";"3";"2";"3";"3";"4";"3";"1";"2";"3";"3";"4";"4";"3";"3";"3";"2";"2";"3";"2";"1";"3";"Yes, at the start of the experiment, the VR headset was probably not placed properly, causing some discomfort on the left side of forehead. Required a minor adjustment after which I was able to focus better on the experiment.";"Partially. During the course of the experiment, I had this constant feeling that I was part of some simulation. As a result, at no point I felt disconnected from my real surroundings. However, I did notice the influence of instructions from the VR-assistant on my mental/emotional state.";"Not really. I would prefer conventional meditation methods.";"Mozilla/5.0 (Linux; Android 10; K) AppleWebKit/537.36 (KHTML, like Gecko) Chrome/141.0.0.0 Mobile Safari/537.36";"-99";"0";"0";"-99";"0";"0";"0";"0";"0";"0";"0";"-99";"-99";"-66";"-66";"0";"-66";"0";"7227869,7226972,7227905,7227902,7228112,7244682,7226503";"0";"0";"0";"-77";"-77";"b38bff47742e2fabd8acb22176bb1ba8";"1";"2";"1761139723";"2025-10-22 13:28:43";"2025-10-22 13:42:31";"0000-00-00 00:00:00"
"36";"0";"0";"31";"7226503";"0.6";"375";"118";"3";"2";"4";"3";"1";"2";"5";"2";"3";"2";"4";"2";"2";"1";"3";"1";"1";"2";"4";"3";"1";"3";"-77";"-77";"-77";"-77";"-77";"3";"2";"2";"1";"2";"3";"3";"2";"Felt normal. Nothing changed.";"It was ok. I got bored after few minutes.";"No";"Mozilla/5.0 (Linux; Android 10; K) AppleWebKit/537.36 (KHTML, like Gecko) Chrome/141.0.0.0 Mobile Safari/537.36";"-99";"0";"0";"-99";"0";"0";"0";"0";"0";"0";"0";"-99";"-99";"-66";"-66";"0";"-66";"0";"7227869,7226972,7227905,7227902,7244682,7226503";"0";"1";"0";"-77";"-77";"c34c6c9679027ee20d9c37d74c2d916d";"1";"2";"1761139776";"2025-10-22 13:29:36";"2025-10-22 13:35:51";"0000-00-00 00:00:00"
"37";"0";"0";"31";"7226503";"0.69";"1797";"108";"4";"3";"4";"3";"3";"2";"4";"2";"4";"2";"4";"4";"1";"2";"4";"1";"4";"3";"4";"4";"4";"4";"-77";"-77";"-77";"-77";"-77";"4";"2";"4";"2";"4";"3";"4";"4";"I was distracted because I was constantly thinking about how much time was left.";"It was less compelling because I was aware of the environment and could not concentrate on the meditation itself. ";"No, because it mainly depends on an individual's ability to control and meditate, which is not attentive towards the task.";"Mozilla/5.0 (iPhone; CPU iPhone OS 18_6_2 like Mac OS X) AppleWebKit/605.1.15 (KHTML, like Gecko) CriOS/141.0.7390.96 Mobile/15E148 Safari/604.1";"-99";"0";"0";"-99";"0";"0";"0";"0";"0";"0";"0";"-99";"-99";"-66";"-66";"0";"-66";"0";"7227869,7226972,7227905,7227902,7244682,7226503";"0";"1";"0";"-77";"-77";"85a7b4c3ace5c016ad171e2fc21a305a";"1";"2";"1761142305";"2025-10-22 14:11:45";"2025-10-22 14:41:42";"0000-00-00 00:00:00"
"38";"0";"0";"31";"7226503";"0.58";"401";"129";"5";"5";"5";"2";"1";"2";"3";"5";"3";"5";"3";"3";"1";"3";"3";"2";"3";"5";"5";"4";"1";"4";"3";"4";"5";"5";"5";"5";"1";"4";"1";"5";"5";"1";"5";"The machine was slightly uncomfortable which caused a bit of distraction for me.";"Would like to do more virtual meditations.";"Because it helped me bring the lost energy and motivation.";"Mozilla/5.0 (iPhone; CPU iPhone OS 26_0_1 like Mac OS X) AppleWebKit/605.1.15 (KHTML, like Gecko) CriOS/141.0.7390.96 Mobile/15E148 Safari/604.1";"-99";"0";"0";"-99";"0";"0";"0";"0";"0";"0";"0";"-99";"-99";"-66";"-66";"0";"-66";"0";"7227869,7226972,7227905,7227902,7228112,7244682,7226503";"1";"0";"0";"-77";"-77";"7df4f8b5e05b6c0f558cd961c2291dcb";"1";"2";"1761145371";"2025-10-22 15:02:51";"2025-10-22 15:09:32";"0000-00-00 00:00:00"
"39";"0";"0";"31";"7226503";"0.18";"183";"112";"2";"4";"4";"3";"3";"3";"3";"3";"4";"3";"4";"3";"4";"3";"3";"2";"3";"4";"3";"3";"4";"3";"3";"3";"3";"3";"3";"3";"3";"0";"3";"0";"4";"3";"3";"No";"Immersive";"As it is done like this";"Mozilla/5.0 (Windows NT 10.0; Win64; x64) AppleWebKit/537.36 (KHTML, like Gecko) Chrome/141.0.0.0 Safari/537.36";"-99";"0";"0";"-99";"0";"0";"0";"0";"0";"0";"0";"-99";"-99";"-66";"-66";"0";"-66";"0";"7227869,7226972,7227905,7227902,7228112,7244682,7226503";"1";"0";"0";"-77";"-77";"a0d9c9a8141e10a2ba844ca530f915d2";"1";"2";"1761152286";"2025-10-22 16:58:06";"2025-10-22 17:01:09";"0000-00-00 00:00:00"
"40";"0";"0";"31";"7226503";"0.62";"456";"116";"5";"5";"4";"4";"2";"3";"3";"3";"4";"5";"2";"4";"2";"2";"2";"2";"3";"4";"3";"4";"4";"3";"3";"3";"4";"1";"1";"2";"1";"1";"1";"3";"3";"1";"4";"The headset was very heavy ";"It was ok . Not that I will do it actually for meditation ";"No I won't as the headset was heavy making it not comfortable ";"Mozilla/5.0 (Linux; Android 10; K) AppleWebKit/537.36 (KHTML, like Gecko) Chrome/141.0.0.0 Mobile Safari/537.36";"-99";"0";"0";"-99";"0";"0";"0";"0";"0";"0";"0";"-99";"-99";"-66";"-66";"0";"-66";"0";"7227869,7226972,7227905,7227902,7228112,7244682,7226503";"0";"1";"0";"-77";"-77";"ad34da97c9ccd9814c6a8f7553a20f78";"1";"2";"1761153956";"2025-10-22 17:25:56";"2025-10-22 17:33:32";"0000-00-00 00:00:00"
"42";"0";"0";"31";"7226503";"0.6";"442";"102";"4";"3";"3";"2";"5";"3";"4";"3";"5";"3";"4";"3";"1";"1";"4";"2";"2";"3";"4";"5";"2";"2";"4";"3";"2";"5";"3";"5";"2";"1";"2";"3";"1";"2";"5";"No, it carried on well.";"So compelling that i would really try it again.";"Yes, because it calmned me down and almost released all the stress i had at that time.";"Mozilla/5.0 (iPhone; CPU iPhone OS 18_7 like Mac OS X) AppleWebKit/605.1.15 (KHTML, like Gecko) Version/26.0.1 Mobile/15E148 Safari/604.1";"-99";"0";"0";"-99";"0";"0";"0";"0";"0";"0";"0";"-99";"-99";"-66";"-66";"0";"-66";"0";"7227869,7227869,7227869,7226972,7227905,7227902,7228112,7244682,7226503";"0";"0";"0";"-77";"-77";"9488cee40c125acf149d975c70573f6a";"1";"2";"1761203640";"2025-10-23 07:14:00";"2025-10-23 07:21:22";"0000-00-00 00:00:00"
"43";"0";"0";"31";"7226503";"0.32";"292";"126";"5";"5";"5";"4";"1";"2";"3";"3";"4";"3";"5";"3";"3";"3";"5";"2";"2";"3";"1";"3";"4";"4";"4";"3";"4";"5";"4";"4";"2";"3";"2";"3";"4";"3";"4";"Not at all";"It could have been better with more real life vr scenes ";"Yes , because it isolates you from the real world";"Mozilla/5.0 (iPhone; CPU iPhone OS 26_0_1 like Mac OS X) AppleWebKit/605.1.15 (KHTML, like Gecko) Brave/1 Mobile/15E148 Safari/604.1";"-99";"0";"0";"-99";"0";"0";"0";"0";"0";"0";"0";"-99";"-99";"-66";"-66";"0";"-66";"0";"7227869,7226972,7227905,7227902,7228112,7244682,7226503";"0";"0";"0";"-77";"-77";"44e0a92cc2a08768c45e2bd532c5240e";"1";"2";"1761306583";"2025-10-24 11:49:43";"2025-10-24 11:54:35";"0000-00-00 00:00:00"
"44";"0";"0";"31";"7226503";"0.76";"458";"127";"5";"5";"4";"4";"4";"5";"4";"4";"4";"4";"5";"4";"2";"2";"3";"1";"3";"3";"3";"4";"3";"3";"-77";"-77";"-77";"-77";"-77";"3";"3";"4";"1";"2";"4";"1";"4";"Not at all";"Quite relaxing ";"Sure";"Mozilla/5.0 (iPhone; CPU iPhone OS 18_6_2 like Mac OS X) AppleWebKit/605.1.15 (KHTML, like Gecko) CriOS/141.0.7390.96 Mobile/15E148 Safari/604.1";"-99";"0";"0";"-99";"0";"0";"0";"0";"0";"0";"0";"-99";"-99";"-66";"-66";"0";"-66";"0";"7227869,7226972,7227905,7227902,7244682,7226503";"1";"0";"0";"-77";"-77";"9cf6b96e5fa507a059c9960705f236e5";"1";"2";"1761307065";"2025-10-24 11:57:45";"2025-10-24 12:05:23";"0000-00-00 00:00:00"
"45";"0";"0";"31";"7226503";"0.66";"521";"115";"3";"3";"4";"2";"1";"1";"5";"2";"5";"2";"5";"2";"3";"2";"3";"2";"4";"5";"5";"5";"5";"5";"4";"3";"2";"3";"2";"5";"1";"2";"2";"1";"3";"1";"4";"The voiceover during the meditation session is too much, it breaks the rhythm of peace and quiet. It was slightly irritating.";"It was very immersive and compelling. It soothed my mind and body. ";"I would try it!";"Mozilla/5.0 (Linux; Android 10; K) AppleWebKit/537.36 (KHTML, like Gecko) Chrome/141.0.0.0 Mobile Safari/537.36";"-99";"0";"0";"-99";"0";"0";"0";"0";"0";"0";"0";"-99";"-99";"-66";"-66";"0";"-66";"0";"7227869,7226972,7227905,7227902,7228112,7244682,7226503";"0";"0";"0";"-77";"-77";"e05d33cc8105c8266cb9efdfe449c626";"1";"2";"1761313296";"2025-10-24 13:41:36";"2025-10-24 13:50:17";"0000-00-00 00:00:00"
"46";"0";"0";"31";"7226503";"0.5";"297";"121";"4";"4";"3";"4";"2";"2";"3";"3";"3";"2";"3";"2";"1";"3";"4";"1";"4";"4";"3";"3";"3";"3";"-77";"-77";"-77";"-77";"-77";"4";"2";"4";"2";"4";"4";"2";"4";"Little bit due to high brightness.";"Very much ";"Yes ";"Mozilla/5.0 (Linux; Android 10; K) AppleWebKit/537.36 (KHTML, like Gecko) Chrome/141.0.0.0 Mobile Safari/537.36";"-99";"0";"0";"-99";"0";"0";"0";"0";"0";"0";"0";"-99";"-99";"-66";"-66";"0";"-66";"0";"7227869,7226972,7227905,7227902,7244682,7226503";"0";"1";"0";"-77";"-77";"07bb680e4740ad84de5bca489a2b6756";"1";"2";"1761588339";"2025-10-27 18:05:39";"2025-10-27 18:10:36";"0000-00-00 00:00:00"
"47";"0";"0";"31";"7226503";"0.3";"258";"125";"5";"4";"3";"3";"5";"5";"2";"4";"3";"3";"2";"3";"3";"1";"2";"2";"3";"3";"3";"3";"2";"4";"5";"5";"4";"4";"3";"5";"5";"3";"1";"5";"5";"1";"5";"-99";"Very much";"Yes";"Mozilla/5.0 (Linux; Android 10; K) AppleWebKit/537.36 (KHTML, like Gecko) Chrome/141.0.0.0 Mobile Safari/537.36";"-99";"0";"0";"-99";"0";"0";"0";"0";"0";"0";"0";"-99";"-99";"-66";"-66";"0";"-66";"0";"7227869,7227869,7227869,7226972,7227905,7227902,7228112,7244682,7226503";"1";"0";"0";"-77";"-77";"df6664f69054ffbc83ba58ca01bfcfbe";"1";"2";"1761650918";"2025-10-28 11:28:38";"2025-10-28 11:32:56";"0000-00-00 00:00:00"
"48";"0";"0";"31";"7226503";"0.57";"489";"130";"4";"5";"3";"4";"4";"5";"2";"4";"3";"5";"3";"4";"3";"2";"3";"2";"4";"4";"4";"5";"3";"4";"4";"3";"5";"4";"4";"4";"2";"3";"1";"3";"4";"2";"4";"The headset was heavy other than that it was good";"Very immersive the guidance was good and light on my eyes helped me to breathe long breath. I felt very calm after session.";"The guidance through voice and breathing guidance through lights helped me to do meditation very well. I choose high I think the session should be longer. It ended very quickly.";"Mozilla/5.0 (Linux; Android 10; K) AppleWebKit/537.36 (KHTML, like Gecko) Chrome/142.0.0.0 Mobile Safari/537.36";"-99";"0";"0";"-99";"0";"0";"0";"0";"0";"0";"0";"-99";"-99";"-66";"-66";"0";"-66";"0";"7227869,7226972,7227905,7227902,7228112,7244682,7226503";"1";"1";"0";"-77";"-77";"e7c20ca8bbe87f5ea04748372e29881f";"1";"2";"1761652171";"2025-10-28 11:49:31";"2025-10-28 11:57:40";"0000-00-00 00:00:00"
"49";"0";"0";"31";"7226503";"0.26";"212";"131";"3";"2";"4";"3";"2";"4";"3";"2";"3";"1";"4";"1";"2";"1";"5";"1";"3";"3";"4";"4";"3";"4";"-77";"-77";"-77";"-77";"-77";"3";"2";"3";"2";"2";"3";"1";"3";"Everything was ok";"It was normal. ";"Yes. I often meditate";"Mozilla/5.0 (Linux; Android 10; K) AppleWebKit/537.36 (KHTML, like Gecko) Chrome/142.0.0.0 Mobile Safari/537.36";"-99";"0";"0";"-99";"0";"0";"0";"0";"0";"0";"0";"-99";"-99";"-66";"-66";"0";"-66";"0";"7227869,7226972,7227905,7227902,7244682,7226503";"1";"1";"0";"-77";"-77";"fa5f706f23d9263d999f4cb08606523f";"1";"2";"1761654519";"2025-10-28 12:28:39";"2025-10-28 12:32:11";"0000-00-00 00:00:00"
"50";"0";"0";"31";"7226503";"0.67";"507";"132";"3";"4";"4";"4";"2";"2";"4";"3";"4";"3";"4";"3";"1";"3";"4";"2";"3";"3";"4";"5";"3";"5";"4";"4";"4";"2";"2";"5";"4";"4";"3";"4";"4";"1";"4";"No";"Very compelling ";"Maybe, I believe meditation in an open environment breathing fresh air would be more compelling ";"Mozilla/5.0 (Linux; Android 10; K) AppleWebKit/537.36 (KHTML, like Gecko) Chrome/141.0.0.0 Mobile Safari/537.36";"-99";"0";"0";"-99";"0";"0";"0";"0";"0";"0";"0";"-99";"-99";"-66";"-66";"0";"-66";"0";"7227869,7226972,7227905,7227902,7228112,7244682,7226503";"0";"1";"0";"-77";"-77";"aa9da62153b63959659f9999b67f08e8";"1";"2";"1761655707";"2025-10-28 12:48:27";"2025-10-28 12:56:54";"0000-00-00 00:00:00"
"51";"0";"0";"31";"7226503";"0.68";"422";"103";"3";"3";"4";"3";"2";"2";"4";"3";"4";"3";"4";"3";"2";"3";"4";"1";"4";"4";"4";"4";"4";"4";"-77";"-77";"-77";"-77";"-77";"4";"3";"4";"2";"4";"4";"1";"4";"No";"Very immersive ";"Yes, conventional method is more immersive and engaging ";"Mozilla/5.0 (Linux; Android 10; K) AppleWebKit/537.36 (KHTML, like Gecko) Chrome/141.0.0.0 Mobile Safari/537.36";"-99";"0";"0";"-99";"0";"0";"0";"0";"0";"0";"0";"-99";"-99";"-66";"-66";"0";"-66";"0";"7227869,7226972,7227905,7227902,7244682,7226503";"1";"1";"0";"-77";"-77";"1fc5e1327d421d56c78f3a90e020be26";"1";"2";"1761656250";"2025-10-28 12:57:30";"2025-10-28 13:04:32";"0000-00-00 00:00:00"
"52";"0";"0";"31";"7226503";"0.46";"370";"133";"2";"4";"3";"4";"1";"2";"3";"4";"3";"3";"2";"2";"1";"1";"3";"2";"4";"3";"3";"4";"2";"3";"4";"2";"3";"2";"2";"4";"1";"2";"1";"1";"4";"1";"4";"Not al all.";"I was completely into it I was feeling sleepy   ";"Yeah.. I felt relaxed and sleepy.";"Mozilla/5.0 (Linux; Android 10; K) AppleWebKit/537.36 (KHTML, like Gecko) Chrome/142.0.0.0 Mobile Safari/537.36";"-99";"0";"0";"-99";"0";"0";"0";"0";"0";"0";"0";"-99";"-99";"-66";"-66";"0";"-66";"0";"7227869,7226972,7227905,7227902,7228112,7244682,7226503";"1";"1";"0";"-77";"-77";"ec46f5603058aa315e8c1c235f9ce0ca";"1";"2";"1761659394";"2025-10-28 13:49:54";"2025-10-28 13:56:04";"0000-00-00 00:00:00"
"53";"0";"0";"31";"7226503";"0.61";"554";"122";"3";"4";"4";"2";"1";"3";"3";"3";"2";"4";"2";"5";"3";"2";"3";"2";"3";"2";"4";"3";"1";"3";"5";"4";"4";"5";"5";"4";"1";"4";"1";"4";"4";"1";"5";"No I didn't feel any distraction.";"It was a nice experience and very relaxing one.";"Yes I will choose this method again because it is more personal because of no human being involved in it.";"Mozilla/5.0 (Linux; Android 10; K) AppleWebKit/537.36 (KHTML, like Gecko) Chrome/141.0.0.0 Mobile Safari/537.36";"-99";"0";"0";"-99";"0";"0";"0";"0";"0";"0";"0";"-99";"-99";"-66";"-66";"0";"-66";"0";"7227869,7226972,7227905,7227902,7228112,7244682,7226503";"1";"1";"0";"-77";"-77";"e0f5cda4a9afa09a71d2da85f8319630";"1";"2";"1761660762";"2025-10-28 14:12:42";"2025-10-28 14:21:56";"0000-00-00 00:00:00"
"54";"0";"0";"31";"7226503";"0.55";"342";"123";"4";"4";"5";"4";"1";"4";"4";"3";"4";"4";"4";"3";"5";"2";"5";"1";"3";"3";"4";"4";"3";"3";"-77";"-77";"-77";"-77";"-77";"5";"1";"5";"1";"4";"4";"0";"1";"NO,AS I ALREADY EXPEREINCE MEDITATION ALOT, I LOVE TO DO IT AGAIN ANG AGAIN";"ITS WAS QUITE WELL";"CONVENTIONAL, I FEEL MORE COMFORT AND EXPERIENCE THIS ALOT IN MY LIFE";"Mozilla/5.0 (X11; Linux x86_64) AppleWebKit/537.36 (KHTML, like Gecko) Chrome/133.0.0.0 Safari/537.36";"-99";"0";"0";"-99";"0";"0";"0";"0";"0";"0";"0";"-99";"-99";"-66";"-66";"0";"-66";"0";"7227869,7226972,7227905,7227902,7244682,7226503";"1";"0";"0";"-77";"-77";"4b3f4595404696ef405acd8325343fe9";"1";"2";"1761664783";"2025-10-28 15:19:43";"2025-10-28 15:25:25";"0000-00-00 00:00:00"
"55";"0";"0";"31";"7226503";"0.27";"209";"105";"4";"4";"3";"3";"3";"3";"3";"3";"3";"3";"3";"3";"3";"2";"2";"1";"1";"1";"1";"1";"1";"1";"-77";"-77";"-77";"-77";"-77";"2";"1";"2";"1";"1";"1";"1";"1";"Hmmm ";"-99";"-99";"Mozilla/5.0 (Linux; Android 10; K) AppleWebKit/537.36 (KHTML, like Gecko) SamsungBrowser/28.0 Chrome/130.0.0.0 Mobile Safari/537.36";"-99";"0";"0";"-99";"0";"0";"0";"0";"0";"0";"0";"-99";"-99";"-66";"-66";"0";"-66";"0";"7227869,7226972,7227905,7227902,7244682,7226503";"1";"0";"0";"-77";"-77";"1e08f6c2b7dec160c0b1bbcba452d77f";"1";"2";"1761667052";"2025-10-28 15:57:32";"2025-10-28 16:01:01";"0000-00-00 00:00:00"
"56";"0";"0";"31";"7226503";"0.21";"168";"114";"3";"4";"2";"4";"3";"2";"4";"3";"4";"3";"4";"2";"4";"1";"3";"1";"4";"4";"3";"4";"4";"4";"-77";"-77";"-77";"-77";"-77";"5";"2";"5";"1";"4";"5";"3";"5";"-99";"-99";"-99";"Mozilla/5.0 (iPhone; CPU iPhone OS 18_7 like Mac OS X) AppleWebKit/605.1.15 (KHTML, like Gecko) Version/26.0.1 Mobile/15E148 Safari/604.1";"-99";"0";"0";"-99";"0";"0";"0";"0";"0";"0";"0";"-99";"-99";"-66";"-66";"0";"-66";"0";"7227869,7227869,7227869,7226972,7227905,7227902,7244682,7226503";"0";"1";"0";"-77";"-77";"298d9fbab826bdbda86a918ef98e854c";"1";"2";"1762066920";"2025-11-02 07:02:00";"2025-11-02 07:04:48";"0000-00-00 00:00:00"
"57";"0";"0";"31";"7226503";"0.35";"614";"113";"1";"3";"4";"4";"2";"2";"4";"2";"3";"2";"4";"2";"1";"2";"3";"2";"4";"4";"4";"4";"4";"4";"4";"4";"5";"4";"4";"4";"1";"5";"1";"4";"5";"1";"4";"-99";"-99";"-99";"Mozilla/5.0 (iPhone; CPU iPhone OS 18_6_2 like Mac OS X) AppleWebKit/605.1.15 (KHTML, like Gecko) Version/18.6 Mobile/15E148 Safari/604.1";"-99";"0";"0";"-99";"0";"0";"0";"0";"0";"0";"0";"-99";"-99";"-66";"-66";"0";"-66";"0";"7227869,7226972,7227905,7227902,7228112,7244682,7226503";"0";"1";"0";"-77";"-77";"879ba383ddf402563c246a15a9112628";"1";"2";"1761670903";"2025-10-28 17:01:43";"2025-10-28 17:11:57";"0000-00-00 00:00:00"
"58";"0";"0";"31";"7226503";"0.77";"536";"119";"4";"4";"4";"3";"2";"3";"4";"3";"3";"2";"3";"2";"1";"2";"3";"1";"4";"4";"4";"4";"5";"4";"-77";"-77";"-77";"-77";"-77";"5";"3";"5";"1";"4";"3";"1";"4";"No";"It was very immersive";"Yes. It relaxed my body and mind releasing tension.";"Mozilla/5.0 (Linux; Android 10; K) AppleWebKit/537.36 (KHTML, like Gecko) SamsungBrowser/28.0 Chrome/130.0.0.0 Mobile Safari/537.36";"-99";"0";"0";"-99";"0";"0";"0";"0";"0";"0";"0";"-99";"-99";"-66";"-66";"0";"-66";"0";"7227869,7226972,7227905,7227902,7244682,7226503";"0";"0";"0";"-77";"-77";"03035db4e2043a7c0adb8c3d12e58ac9";"1";"2";"1761700401";"2025-10-29 01:13:21";"2025-10-29 01:22:17";"0000-00-00 00:00:00"
"71";"0";"0";"31";"7226503";"0.54";"440";"124";"3";"4";"4";"3";"2";"3";"3";"3";"3";"3";"3";"3";"2";"2";"4";"2";"2";"3";"5";"5";"2";"4";"4";"3";"4";"5";"2";"4";"3";"4";"2";"3";"3";"3";"4";"Not at all";"Very good ";"Yes. Because it was peaceful ";"Mozilla/5.0 (iPhone; CPU iPhone OS 26_0_1 like Mac OS X) AppleWebKit/605.1.15 (KHTML, like Gecko) CriOS/142.0.7444.128 Mobile/15E148 Safari/604.1";"-99";"0";"0";"-99";"0";"0";"0";"0";"0";"0";"0";"-99";"-99";"-66";"-66";"0";"-66";"0";"7227869,7226972,7227905,7227902,7228112,7244682,7226503";"0";"0";"0";"-77";"-77";"b562e721ae884305c3bf4719b9845f82";"1";"2";"1762935659";"2025-11-12 08:20:59";"2025-11-12 08:28:19";"0000-00-00 00:00:00"
"59";"0";"0";"31";"7226503";"0.59";"338";"134";"5";"4";"2";"4";"2";"4";"2";"4";"2";"5";"2";"3";"2";"1";"2";"1";"2";"1";"2";"1";"4";"3";"-77";"-77";"-77";"-77";"-77";"1";"3";"1";"3";"1";"2";"3";"2";"Yes.. I could not focus due to work load and other things kept on coming with each breath I took...";"Not at all I was recalling other work related things.";"I don't know how to meditate. So no";"Mozilla/5.0 (Linux; Android 10; K) AppleWebKit/537.36 (KHTML, like Gecko) Chrome/142.0.0.0 Mobile Safari/537.36";"-99";"0";"0";"-99";"0";"0";"0";"0";"0";"0";"0";"-99";"-99";"-66";"-66";"0";"-66";"0";"7227869,7226972,7227905,7227902,7244682,7226503";"0";"1";"0";"-77";"-77";"3375eef611007be9c697a016e9095f75";"1";"2";"1762175629";"2025-11-03 13:13:49";"2025-11-03 13:19:27";"0000-00-00 00:00:00"
"60";"0";"0";"31";"7226503";"0.61";"561";"120";"3";"3";"4";"3";"1";"3";"4";"2";"3";"2";"4";"1";"1";"3";"4";"2";"3";"3";"4";"3";"3";"4";"3";"2";"2";"4";"2";"4";"2";"3";"1";"2";"3";"1";"4";"The head set was bit heavy than meta one.. I normally use meta VR headset.. so it bit uncomfortable. It was good experience.";"Very much immersive. The music along with the guidance helped me to do meditation. And the light for breathing was bit slower so I had problem with breathing with that pace.";"Definitely. It was good and relaxing experience. It needs to have some other features added to it like some land scape view. For complete immersion in vr.";"Mozilla/5.0 (Linux; Android 10; K) AppleWebKit/537.36 (KHTML, like Gecko) Chrome/142.0.0.0 Mobile Safari/537.36";"-99";"0";"0";"-99";"0";"0";"0";"0";"0";"0";"0";"-99";"-99";"-66";"-66";"0";"-66";"0";"7227869,7226972,7227905,7227902,7228112,7244682,7226503";"1";"0";"0";"-77";"-77";"fa45b9c920e4ba909a34bf33e7eb0215";"1";"2";"1762176080";"2025-11-03 13:21:20";"2025-11-03 13:30:41";"0000-00-00 00:00:00"
"61";"0";"0";"31";"7226503";"0.6";"508";"104";"4";"4";"2";"4";"2";"1";"2";"4";"2";"4";"1";"3";"1";"2";"2";"2";"1";"2";"3";"1";"3";"1";"1";"1";"2";"2";"1";"2";"3";"2";"3";"1";"1";"2";"3";"The rapid guidance were annoying.. I did not like the lights as it putting strains on my eyes... And the meditation should be done in the quite room and no body should be there, but the examiner was there and it was making me uncomfortable.";"Not at all I wanted to remove the headset due to its weight. And the guidance was annoying.";"If the thing like lighter headset. With good voice and less instruction then yes. Otherwise no";"Mozilla/5.0 (Linux; Android 10; K) AppleWebKit/537.36 (KHTML, like Gecko) Chrome/142.0.0.0 Mobile Safari/537.36";"-99";"0";"0";"-99";"0";"0";"0";"0";"0";"0";"0";"-99";"-99";"-66";"-66";"0";"-66";"0";"7227869,7226972,7227905,7227902,7228112,7244682,7226503";"1";"0";"0";"-77";"-77";"752219fefb06b4b4580d612545942eba";"1";"2";"1762176697";"2025-11-03 13:31:37";"2025-11-03 13:40:05";"0000-00-00 00:00:00"
"62";"0";"0";"31";"7226503";"0.33";"291";"135";"4";"4";"2";"4";"3";"4";"2";"3";"2";"5";"5";"4";"3";"2";"3";"2";"3";"4";"3";"5";"2";"4";"3";"2";"4";"5";"4";"3";"2";"3";"2";"4";"4";"2";"4";"no";"very immersive";"yes, it was good.";"Mozilla/5.0 (Windows NT 10.0; Win64; x64) AppleWebKit/537.36 (KHTML, like Gecko) Chrome/142.0.0.0 Safari/537.36 Edg/142.0.0.0";"-99";"0";"0";"-99";"0";"0";"0";"0";"0";"0";"0";"-99";"-99";"-66";"-66";"0";"-66";"0";"7227869,7226972,7227905,7227902,7228112,7244682,7226503";"1";"0";"0";"-77";"-77";"b95ac6a12a8bb6aa292f7259dc269382";"1";"2";"1762183349";"2025-11-03 15:22:29";"2025-11-03 15:27:20";"0000-00-00 00:00:00"
"63";"0";"0";"31";"7226503";"0.53";"301";"136";"3";"4";"5";"3";"4";"1";"4";"3";"4";"2";"4";"3";"1";"3";"3";"1";"3";"3";"5";"3";"3";"5";"-77";"-77";"-77";"-77";"-77";"5";"2";"5";"1";"3";"5";"2";"5";"I wasn't distracted ";"Pretty compelling and interesting ";"Yes and because it's similar ";"Mozilla/5.0 (Linux; Android 10; K) AppleWebKit/537.36 (KHTML, like Gecko) Chrome/141.0.0.0 Mobile Safari/537.36";"-99";"0";"0";"-99";"0";"0";"0";"0";"0";"0";"0";"-99";"-99";"-66";"-66";"0";"-66";"0";"7227869,7226972,7227905,7227902,7244682,7226503";"0";"1";"0";"-77";"-77";"6100a51e66d8961bfdaee0a676f077bb";"1";"2";"1762266004";"2025-11-04 14:20:04";"2025-11-04 14:25:05";"0000-00-00 00:00:00"
"64";"0";"0";"31";"7226503";"0.27";"255";"137";"3";"4";"3";"3";"4";"2";"5";"1";"5";"2";"4";"4";"4";"3";"3";"2";"4";"3";"5";"5";"5";"4";"4";"4";"5";"3";"3";"4";"4";"4";"2";"4";"5";"1";"5";"No because guidance was very clear";"Super";"Yes because i haven't done meditation and i need guidance ";"Mozilla/5.0 (Linux; Android 10; K) AppleWebKit/537.36 (KHTML, like Gecko) Chrome/141.0.0.0 Mobile Safari/537.36";"-99";"0";"0";"-99";"0";"0";"0";"0";"0";"0";"0";"-99";"-99";"-66";"-66";"0";"-66";"0";"7227869,7226972,7227905,7227902,7228112,7244682,7226503";"1";"1";"0";"-77";"-77";"30a91f245c8c61bbbadeb64b37f69d11";"1";"2";"1762267375";"2025-11-04 14:42:55";"2025-11-04 14:47:10";"0000-00-00 00:00:00"
"65";"0";"0";"31";"7226503";"0.46";"356";"106";"3";"2";"4";"3";"1";"2";"4";"4";"4";"2";"3";"1";"1";"1";"3";"2";"4";"4";"3";"3";"2";"2";"3";"4";"4";"2";"3";"4";"2";"4";"1";"2";"3";"1";"4";"No I did not felt distracted ";"Very much immersive.. my felt relaxed ";"Yes... My body was relax and I felt sleepy ";"Mozilla/5.0 (Linux; Android 10; K) AppleWebKit/537.36 (KHTML, like Gecko) Chrome/142.0.0.0 Mobile Safari/537.36";"-99";"0";"0";"-99";"0";"0";"0";"0";"0";"0";"0";"-99";"-99";"-66";"-66";"0";"-66";"0";"7227869,7226972,7227905,7227902,7228112,7244682,7226503";"1";"0";"0";"-77";"-77";"732a5db6ebbc6b1996a0cf13db4b34b7";"1";"2";"1762868396";"2025-11-11 13:39:56";"2025-11-11 13:45:52";"0000-00-00 00:00:00"
"66";"0";"0";"31";"7226503";"0.63";"1029";"111";"2";"2";"3";"2";"1";"1";"4";"3";"3";"2";"3";"1";"2";"1";"3";"2";"3";"2";"3";"2";"4";"4";"3";"3";"4";"3";"4";"3";"2";"4";"1";"2";"2";"1";"3";"Yes the music was loud for me";"Everything was good except music ";"Yes.. it helped me relax and guide me how to meditate ";"Mozilla/5.0 (Linux; Android 10; K) AppleWebKit/537.36 (KHTML, like Gecko) Chrome/142.0.0.0 Mobile Safari/537.36";"-99";"0";"0";"-99";"0";"0";"0";"0";"0";"0";"0";"-99";"-99";"-66";"-66";"0";"-66";"0";"7227869,7226972,7227905,7227902,7228112,7244682,7226503";"0";"1";"0";"-77";"-77";"fd04a20a008642ea7ece0934c0aeb802";"1";"2";"1762869032";"2025-11-11 13:50:32";"2025-11-11 14:07:41";"0000-00-00 00:00:00"
"67";"0";"0";"31";"7226503";"0.49";"339";"138";"5";"3";"4";"5";"3";"5";"1";"4";"3";"2";"1";"1";"5";"1";"2";"1";"2";"3";"4";"5";"5";"5";"-77";"-77";"-77";"-77";"-77";"3";"1";"1";"1";"1";"1";"1";"3";"No distractions. ";"It was pleasant";"Sure";"Mozilla/5.0 (Linux; Android 7.0; SAMSUNG SM-A510F) AppleWebKit/537.36 (KHTML, like Gecko) SamsungBrowser/21.0 Chrome/110.0.5481.154 Mobile Safari/537.36";"-99";"0";"0";"-99";"0";"0";"0";"0";"0";"0";"0";"-99";"-99";"-66";"-66";"0";"-66";"0";"7227869,7226972,7227905,7227902,7244682,7226503";"0";"1";"0";"-77";"-77";"00b36750b3bce2d31dd9bb232c76c93b";"1";"2";"1762870660";"2025-11-11 14:17:40";"2025-11-11 14:23:19";"0000-00-00 00:00:00"
"68";"0";"0";"31";"7226503";"0.63";"479";"139";"4";"5";"4";"5";"2";"4";"3";"2";"3";"2";"2";"1";"5";"1";"2";"2";"5";"5";"5";"5";"5";"5";"4";"3";"3";"3";"3";"3";"2";"3";"2";"2";"3";"2";"4";"Only when the AI spoke overall it was good";"It was good apart from AI speech";"Sure";"Mozilla/5.0 (Linux; Android 10; K) AppleWebKit/537.36 (KHTML, like Gecko) Chrome/119.0.0.0 Mobile Safari/537.36";"-99";"0";"0";"-99";"0";"0";"0";"0";"0";"0";"0";"-99";"-99";"-66";"-66";"0";"-66";"0";"7227869,7226972,7227905,7227902,7228112,7244682,7226503";"0";"0";"0";"-77";"-77";"64ba6327cee287315769a0b2d38713c1";"1";"2";"1762871875";"2025-11-11 14:37:55";"2025-11-11 14:45:54";"0000-00-00 00:00:00"
"69";"0";"0";"31";"7226503";"0.27";"255";"140";"4";"3";"5";"3";"3";"3";"4";"3";"4";"3";"3";"2";"2";"2";"4";"2";"3";"2";"4";"3";"4";"3";"4";"3";"3";"3";"4";"4";"2";"3";"2";"4";"2";"1";"5";"No";"I feel very immersive";"Yes its a greta method. I would choose again";"Mozilla/5.0 (iPhone; CPU iPhone OS 26_0_1 like Mac OS X) AppleWebKit/605.1.15 (KHTML, like Gecko) CriOS/142.0.7444.128 Mobile/15E148 Safari/604.1";"-99";"0";"0";"-99";"0";"0";"0";"0";"0";"0";"0";"-99";"-99";"-66";"-66";"0";"-66";"0";"7227869,7226972,7227905,7227902,7228112,7244682,7226503";"0";"0";"0";"-77";"-77";"2cc481b51664831cd5328d6bfe80c72c";"1";"2";"1762876088";"2025-11-11 15:48:08";"2025-11-11 15:52:23";"0000-00-00 00:00:00"
"70";"0";"0";"31";"7226503";"0.5";"339";"141";"3";"4";"5";"4";"2";"3";"4";"3";"4";"3";"3";"2";"4";"3";"4";"1";"3";"3";"4";"4";"4";"4";"-77";"-77";"-77";"-77";"-77";"4";"2";"4";"2";"4";"3";"2";"4";"No I didn’t feel such thing";"I feel very mich immersive";"Yes I would like to do it again ";"Mozilla/5.0 (iPhone; CPU iPhone OS 26_0_1 like Mac OS X) AppleWebKit/605.1.15 (KHTML, like Gecko) CriOS/142.0.7444.128 Mobile/15E148 Safari/604.1";"-99";"0";"0";"-99";"0";"0";"0";"0";"0";"0";"0";"-99";"-99";"-66";"-66";"0";"-66";"0";"7227869,7226972,7227905,7227902,7244682,7226503";"0";"1";"0";"-77";"-77";"9fe785b333a39c46c584b45ee73b40f1";"1";"2";"1762877126";"2025-11-11 16:05:26";"2025-11-11 16:11:05";"0000-00-00 00:00:00"
"72";"0";"0";"31";"7226503";"0.55";"315";"142";"4";"5";"3";"4";"2";"2";"2";"3";"4";"4";"2";"1";"5";"3";"4";"1";"3";"3";"4";"4";"2";"4";"-77";"-77";"-77";"-77";"-77";"3";"2";"4";"4";"2";"4";"4";"3";"The seat was uncomfortable.. I normally meditate while sitting on ground ";"It was calm and good. The background music was good addition ";"Yes.. as it helps me to focus.";"Mozilla/5.0 (Linux; Android 10; K) AppleWebKit/537.36 (KHTML, like Gecko) Chrome/142.0.0.0 Mobile Safari/537.36";"-99";"0";"0";"-99";"0";"0";"0";"0";"0";"0";"0";"-99";"-99";"-66";"-66";"0";"-66";"0";"7227869,7226972,7227905,7227902,7244682,7226503";"1";"0";"0";"-77";"-77";"6772e7c1c6c2ca18118045be389e8ab0";"1";"2";"1763986984";"2025-11-24 12:23:04";"2025-11-24 12:28:19";"0000-00-00 00:00:00"
"73";"0";"0";"31";"7226503";"0.48";"292";"143";"2";"3";"3";"2";"1";"3";"2";"2";"1";"3";"3";"2";"1";"1";"5";"1";"1";"2";"4";"2";"1";"3";"-77";"-77";"-77";"-77";"-77";"1";"3";"3";"2";"1";"2";"3";"3";"Yes.. I never meditated and I was started to feel bored after some time.";"Well I didn't knew what to do except breathing. So I was looking around.. not immersive at all.";"No. I was bored";"Mozilla/5.0 (Linux; Android 10; K) AppleWebKit/537.36 (KHTML, like Gecko) Chrome/142.0.0.0 Mobile Safari/537.36";"-99";"0";"0";"-99";"0";"0";"0";"0";"0";"0";"0";"-99";"-99";"-66";"-66";"0";"-66";"0";"7227869,7226972,7227905,7227902,7244682,7226503";"0";"1";"0";"-77";"-77";"1d74866ce6f1dc180b582918e2c46412";"1";"2";"1763988860";"2025-11-24 12:54:20";"2025-11-24 12:59:12";"0000-00-00 00:00:00"
"74";"0";"0";"31";"7226503";"0.31";"218";"144";"4";"4";"2";"2";"3";"3";"2";"3";"5";"4";"3";"4";"2";"1";"2";"1";"2";"1";"1";"3";"1";"3";"-77";"-77";"-77";"-77";"-77";"1";"4";"2";"3";"1";"3";"2";"1";"Yes  I was unable to focus";"Due to stress I could not concentrate well ";"Yes.. with properly guidance ";"Mozilla/5.0 (Linux; Android 10; K) AppleWebKit/537.36 (KHTML, like Gecko) Chrome/142.0.0.0 Mobile Safari/537.36";"-99";"0";"0";"-99";"0";"0";"0";"0";"0";"0";"0";"-99";"-99";"-66";"-66";"0";"-66";"0";"7227869,7226972,7227905,7227902,7244682,7226503";"0";"1";"0";"-77";"-77";"023354db573076b997eab110f2afa404";"1";"2";"1763992757";"2025-11-24 13:59:17";"2025-11-24 14:02:55";"0000-00-00 00:00:00"
"75";"0";"0";"31";"7226503";"0.21";"196";"145";"4";"3";"3";"2";"1";"4";"2";"4";"2";"3";"2";"4";"1";"2";"1";"1";"2";"1";"2";"3";"1";"1";"-77";"-77";"-77";"-77";"-77";"2";"3";"3";"2";"1";"3";"2";"2";"I was unable to concentrate ";"No.";"I don't know. May be";"Mozilla/5.0 (Linux; Android 10; K) AppleWebKit/537.36 (KHTML, like Gecko) Chrome/142.0.0.0 Mobile Safari/537.36";"-99";"0";"0";"-99";"0";"0";"0";"0";"0";"0";"0";"-99";"-99";"-66";"-66";"0";"-66";"0";"7227869,7226972,7227905,7227902,7244682,7226503";"0";"1";"0";"-77";"-77";"81f0f0b711cbe06a96ccda1efed3284a";"1";"2";"1763994855";"2025-11-24 14:34:15";"2025-11-24 14:37:31";"0000-00-00 00:00:00"
"76";"0";"0";"31";"7226503";"0.37";"243";"146";"5";"1";"5";"3";"1";"1";"5";"3";"5";"1";"5";"1";"1";"2";"5";"1";"3";"1";"5";"5";"3";"5";"-77";"-77";"-77";"-77";"-77";"1";"5";"1";"2";"2";"2";"1";"1";"Not as such, Just boring";"Not exciting";"No";"Mozilla/5.0 (Linux; Android 10; K) AppleWebKit/537.36 (KHTML, like Gecko) Chrome/142.0.0.0 Mobile Safari/537.36";"-99";"0";"0";"-99";"0";"0";"0";"0";"0";"0";"0";"-99";"-99";"-66";"-66";"0";"-66";"0";"7227869,7226972,7227905,7227902,7244682,7226503";"0";"1";"0";"-77";"-77";"75dec7d94ebace8cd07dccf9c5651cab";"1";"2";"1763999418";"2025-11-24 15:50:18";"2025-11-24 15:54:21";"0000-00-00 00:00:00"
